{
    "loss": 0.42538896203041077,
    "accuracy": 0.9666666388511658
}