{
    "loss": 2.394653081893921,
    "accuracy": 0.8442623019218445
}