{
    "loss": 0.30491259694099426,
    "accuracy": 0.9666666388511658
}